{
  "D_mean_train": 6.508045771624893e-05,
  "D_min_train": 2.5219336625400884e-16,
  "D_max_train": 0.0030400000978261232,
  "D_mean_test": 4.3646865378832445e-05,
  "D_min_test": 2.904719074590858e-15,
  "D_max_test": 0.0005976103711873293
}