{
  "best_cfg_id": 1,
  "run_cfg": {
    "hidden_dim": 384,
    "activation": "relu",
    "alpha": 1e-05,
    "lr_part": 0.0015,
    "lr_res": 0.0035,
    "lr_joint": 0.0002,
    "batch_size": 24,
    "patience": 120,
    "epochs_part": 700,
    "epochs_res": 900,
    "epochs_joint": 480,
    "mono_delta_scaled": 0.1
  },
  "selected_record": {
    "cfg_id": 1,
    "hidden_dim": 384,
    "activation": "relu",
    "alpha": 1e-05,
    "lr_part": 0.0015,
    "lr_res": 0.0035,
    "lr_joint": 0.0002,
    "batch_size": 24,
    "patience": 120,
    "epochs_part": 700,
    "epochs_res": 900,
    "epochs_joint": 480,
    "mono_delta_scaled": 0.1,
    "init_seed": 17000,
    "joint_epochs_effective": 1380,
    "joint_lr_start": 0.0035,
    "joint_lr_end": 0.0002,
    "syn_batch_size": 2048,
    "val_stage_part_best": 0.0005520269041880965,
    "val_stage_joint_best": 0.0005102064460515976,
    "val_objective": 0.0005102064460515976,
    "E_R_train": 0.00021630602806341036,
    "E_R_test": 0.0005515737975351736,
    "E_M_diff_train": 6.313494668784668e-07,
    "E_M_seniorfd_train": 0.0522058829665184,
    "E_M_seniorfd_test": 0.05416666716337204,
    "R2_mean_test": 0.939992862163672,
    "RMSE_mean_test": 2.1978906883044225,
    "negative_ratio_test": 0.0,
    "min_component_min_test": 0.00335396034643054,
    "sum_abs_err_mean_test": 3.774960788405224e-08,
    "sum_abs_err_max_test": 1.1920928955078125e-07,
    "R2_N2_test": 0.979467816318001,
    "R2_H2_test": 0.9483617702983672,
    "R2_CO_test": 0.94684999719969,
    "R2_CO2_test": 0.9268195208628466,
    "R2_CH4_test": 0.8984652061394555,
    "RMSE_N2_test": 3.4560550259824376,
    "RMSE_H2_test": 1.9969331266848023,
    "RMSE_CO_test": 2.3717041580287215,
    "RMSE_CO2_test": 2.294347825856096,
    "RMSE_CH4_test": 0.8704133049700533,
    "lambda_s": 0.005,
    "lambda_m": 0.1,
    "selection_score": 0.003891202535836597
  },
  "split": {
    "rand_label_mat": "data/Rand_lable.mat",
    "rand_row": 4,
    "train_count": 170,
    "test_count": 30
  },
  "synthetic_grid": {
    "temp_min": 550.0,
    "temp_max": 1050.0,
    "temp_points": 6,
    "er_min": 0.1,
    "er_max": 0.9,
    "er_points": 9
  },
  "selection_metric": "selection_score",
  "label_normalization": "row-wise closure normalization in base_mod.load_data()",
  "real_forward": "y_real = softmax(z_part + D(x) * z_res)",
  "synthetic_forward": "y_syn = softmax(z_part + z_res)",
  "loss_train": "E = E_R(real full forward) + lambda_s * E_S + lambda_M * E_M_diff(synthetic physics forward)",
  "mono_training_metric": "E_M_diff_train",
  "mono_report_metric": "senior finite-difference PCD compliance on real train/test sets",
  "mono_training_source": "synthetic_samples_physics_branch",
  "mono_report_source": "real_train_test_sets",
  "optimizer_weight_decay": 0.0,
  "joint_stage_mapping": {
    "particular_pretrain_epochs": 700,
    "joint_epochs_effective": 1380,
    "joint_lr_schedule": "cosine annealing within a single joint stage",
    "joint_lr_start_from_legacy_lr_res": 0.0035,
    "joint_lr_end_from_legacy_lr_joint": 0.0002,
    "legacy_epochs_res": 900,
    "legacy_epochs_joint": 480
  },
  "particular_after_pretraining": "fixed",
  "hard_boundary_distance_features": "C, H, S, Particle size, Ash, Moisture, Temperature, ER",
  "mono_injection_branch": "paper-like joint physics branch with real full forward and synthetic no-D softmax branch"
}